{
  "clickXFraction": 0.327734375,
  "clickYFraction": 0.4579861111111111,
  "note": "Calibrated from TextEdit window bounds 118,52,721,557 on screen ~1280x720"
}
